H,g0,gi_1,gi_2,gi_3,gi_4,gi_5,gi_6,gi_7,gi_8,gi_9,gi_10,gi_11,gi_12,gi_13,gi_14,gi_15,gi_16,gi_17,gi_18,gi_19,gi_20,gi_21,gi_22,gi_23,gi_24,gi_25,gi_26,gi_27,gi_28,gi_29,gi_30,gi_31,gi_32,gij_1,gij_2,gij_3,gij_4,gij_5,gij_6,gij_7,gij_8,gij_9,gij_10,gij_11,gij_12,gij_13,gij_14,gij_15,gij_16,gij_17,gij_18,gij_19,gij_20,gij_21,gij_22,gij_23,gij_24,gij_25,gij_26,gij_27,gij_28,gij_29,gij_30,gij_31,gij_32,gij_33,gij_34,gij_35,gij_36,gij_37,gij_38,gij_39,gij_40,gij_41,gij_42,gij_43,gij_44,gij_45,gij_46,gij_47,gij_48,gij_49,gij_50,gij_51,gij_52,gij_53,gij_54,gij_55,gij_56,gij_57,gij_58,gij_59,gij_60,gij_61,gij_62,gij_63,gij_64,gij_65,gij_66,gij_67,gij_68,gij_69,gij_70,gij_71,gij_72,gij_73,gij_74,gij_75,gij_76,gij_77,gij_78,gij_79,gij_80,gij_81,gij_82,gij_83,gij_84,gij_85,gij_86,gij_87,gij_88,gij_89,gij_90,gij_91,gij_92,gij_93,gij_94,gij_95,gij_96,gij_97,gij_98,gij_99,gij_100,gij_101,gij_102,gij_103,gij_104,gij_105,gij_106,gij_107,gij_108,gij_109,gij_110,gij_111,gij_112,gij_113,gij_114,gij_115,gij_116,gij_117,gij_118
H,Top_Level,Aluminum chloride hydrate,Bacitracin,Benzalkonium Chloride,Benzethonium chloride,Carbenicillin disodium salt,Chloramphenicol,Cisplatin,Cobalt chloride hexahydrate,Dimethyl Sulfoxide,Doxycycline hyclate,Gentamicin sulfate salt,Lomefloxacin hydrochloride,MreB Perturbing Compound A22,Nalidixic acid sodium salt,Nickel (II) chloride hexahydrate,Paraquat dichloride,Phosphomycin disodium salt,Polymyxin B sulfate,Sisomicin sulfate salt,Sodium Chlorate,Sodium Chloride,Sodium Chlorite,Sodium nitrate,Sodium nitrite,Sodium perchlorate monohydrate,Spectinomycin dihydrochloride pentahydrate,Tetracycline hydrochloride,Thallium(I) acetate,Vancomycin Hydrochloride Hydrate,benzoic acid,copper (II) chloride dihydrate,sodium fluoride,"('Aluminum chloride hydrate', 'IT024')","('Aluminum chloride hydrate', 'IT050')","('Bacitracin', 'IT028')","('Bacitracin', 'IT029')","('Bacitracin', 'IT054')","('Bacitracin', 'IT055')","('Benzalkonium Chloride', 'IT021')","('Benzalkonium Chloride', 'IT022')","('Benzalkonium Chloride', 'IT023')","('Benzalkonium Chloride', 'IT047')","('Benzalkonium Chloride', 'IT048')","('Benzalkonium Chloride', 'IT049')","('Benzethonium chloride', 'IT018')","('Benzethonium chloride', 'IT019')","('Benzethonium chloride', 'IT020')","('Benzethonium chloride', 'IT044')","('Benzethonium chloride', 'IT045')","('Benzethonium chloride', 'IT046')","('Carbenicillin disodium salt', 'IT007')","('Carbenicillin disodium salt', 'IT008')","('Carbenicillin disodium salt', 'IT009')","('Carbenicillin disodium salt', 'IT071')","('Carbenicillin disodium salt', 'IT072')","('Carbenicillin disodium salt', 'IT073')","('Chloramphenicol', 'IT001')","('Chloramphenicol', 'IT002')","('Chloramphenicol', 'IT065')","('Chloramphenicol', 'IT066')","('Cisplatin', 'IT001')","('Cisplatin', 'IT002')","('Cisplatin', 'IT003')","('Cisplatin', 'IT027')","('Cisplatin', 'IT028')","('Cisplatin', 'IT029')","('Cobalt chloride hexahydrate', 'IT017')","('Cobalt chloride hexahydrate', 'IT018')","('Cobalt chloride hexahydrate', 'IT081')","('Cobalt chloride hexahydrate', 'IT082')","('Dimethyl Sulfoxide', 'IT030')","('Dimethyl Sulfoxide', 'IT031')","('Dimethyl Sulfoxide', 'IT056')","('Dimethyl Sulfoxide', 'IT057')","('Doxycycline hyclate', 'IT037')","('Doxycycline hyclate', 'IT063')","('Gentamicin sulfate salt', 'IT013')","('Gentamicin sulfate salt', 'IT077')","('Lomefloxacin hydrochloride', 'IT036')","('Lomefloxacin hydrochloride', 'IT062')","('MreB Perturbing Compound A22', 'IT035')","('MreB Perturbing Compound A22', 'IT061')","('Nalidixic acid sodium salt', 'IT010')","('Nalidixic acid sodium salt', 'IT011')","('Nalidixic acid sodium salt', 'IT012')","('Nalidixic acid sodium salt', 'IT074')","('Nalidixic acid sodium salt', 'IT075')","('Nalidixic acid sodium salt', 'IT076')","('Nickel (II) chloride hexahydrate', 'IT015')","('Nickel (II) chloride hexahydrate', 'IT016')","('Nickel (II) chloride hexahydrate', 'IT079')","('Nickel (II) chloride hexahydrate', 'IT080')","('Paraquat dichloride', 'IT023')","('Paraquat dichloride', 'IT024')","('Paraquat dichloride', 'IT087')","('Paraquat dichloride', 'IT088')","('Phosphomycin disodium salt', 'IT026')","('Phosphomycin disodium salt', 'IT027')","('Phosphomycin disodium salt', 'IT052')","('Phosphomycin disodium salt', 'IT053')","('Polymyxin B sulfate', 'IT014')","('Polymyxin B sulfate', 'IT015')","('Polymyxin B sulfate', 'IT040')","('Polymyxin B sulfate', 'IT041')","('Sisomicin sulfate salt', 'IT009')","('Sisomicin sulfate salt', 'IT035')","('Sodium Chlorate', 'IT010')","('Sodium Chlorate', 'IT036')","('Sodium Chloride', 'IT016')","('Sodium Chloride', 'IT042')","('Sodium Chlorite', 'IT011')","('Sodium Chlorite', 'IT037')","('Sodium nitrate', 'IT008')","('Sodium nitrate', 'IT034')","('Sodium nitrite', 'IT005')","('Sodium nitrite', 'IT006')","('Sodium nitrite', 'IT007')","('Sodium nitrite', 'IT031')","('Sodium nitrite', 'IT032')","('Sodium nitrite', 'IT033')","('Sodium perchlorate monohydrate', 'IT012')","('Sodium perchlorate monohydrate', 'IT013')","('Sodium perchlorate monohydrate', 'IT038')","('Sodium perchlorate monohydrate', 'IT039')","('Spectinomycin dihydrochloride pentahydrate', 'IT005')","('Spectinomycin dihydrochloride pentahydrate', 'IT006')","('Spectinomycin dihydrochloride pentahydrate', 'IT069')","('Spectinomycin dihydrochloride pentahydrate', 'IT070')","('Tetracycline hydrochloride', 'IT003')","('Tetracycline hydrochloride', 'IT004')","('Tetracycline hydrochloride', 'IT067')","('Tetracycline hydrochloride', 'IT068')","('Thallium(I) acetate', 'IT025')","('Thallium(I) acetate', 'IT026')","('Thallium(I) acetate', 'IT089')","('Thallium(I) acetate', 'IT090')","('Vancomycin Hydrochloride Hydrate', 'IT033')","('Vancomycin Hydrochloride Hydrate', 'IT034')","('Vancomycin Hydrochloride Hydrate', 'IT059')","('Vancomycin Hydrochloride Hydrate', 'IT060')","('benzoic acid', 'IT025')","('benzoic acid', 'IT051')","('copper (II) chloride dihydrate', 'IT019')","('copper (II) chloride dihydrate', 'IT083')","('sodium fluoride', 'IT020')","('sodium fluoride', 'IT021')","('sodium fluoride', 'IT022')","('sodium fluoride', 'IT084')","('sodium fluoride', 'IT085')","('sodium fluoride', 'IT086')"
"[0, 1, 1, 1, 1, 0]",0.8464903446326348,0.9694586603527399,0.6291597142676473,0.7913254948442352,0.8190621537728786,0.9676166723674565,0.9007966121254571,0.9847835027782589,0.7075359735724995,0.9437665512321525,0.9592915198960511,0.7270768448968515,0.8506339545663438,0.9391803384131477,0.5346258877057697,0.8098808561531632,0.9110540992900646,0.48530794224074164,0.8340821710720758,0.9480715289266451,0.8816008283675164,0.9529792577534615,0.9715266989465449,0.9675511746120778,0.972301647675921,0.9588957950780596,0.9675877769781545,0.9542217616906543,0.9254366130068508,0.8034091723561432,0.9449986789563151,0.9676581885579248,0.8951519202205901,0.9967379202233707,0.9942924640851751,0.2952037955425713,0.6218870820566754,0.8278506659727566,0.8645902329887698,0.9747787391778268,0.9832212130831168,0.875317012115448,0.6496245363996775,0.8377381794819998,0.9073026986159283,0.9882358083846249,0.9868821849768071,0.9258333862612533,0.695023684365519,0.9262147681847883,0.7886199728477479,0.9798586441354813,0.9682085280555109,0.9958860567625477,0.9975772137664551,0.9775909850584017,0.9974199147417472,0.9287847167556724,0.9800887202637492,0.9000172663410916,0.9512404803941024,0.994892933905776,0.9977165190257776,0.9976323462305632,0.9953875373350014,0.9981518053274725,0.9971038033755706,0.8637648032295707,0.708691421765639,0.5084303230108249,0.8117405636441488,0.9297624237847192,0.980688938888339,0.9865784670141907,0.9804990267079282,0.994397463230699,0.9921180661590403,0.8662657822808928,0.630470400141696,0.9208812621999786,0.9296741383615118,0.9863215748613184,0.9604681117172826,0.3255475175596946,0.3157647952871527,0.7500407450760933,0.6584999574745602,0.2978359435671109,0.8477299014250842,0.9208789236585733,0.784026101408282,0.7769496293752264,0.9319832843494952,0.9820887899150047,0.9365706774247974,0.8657219387172608,0.9869477209994783,0.6627887221600219,0.20677154256562652,0.24484187457387738,0.6071215432593917,0.9244185360379881,0.97335687825305,0.6910098552345069,0.9699965568838144,0.9822797278335136,0.9888811683831487,0.9698396531162411,0.8556394015808657,0.9844951576348244,0.9897350717047037,0.9964504000365462,0.9975593889469612,0.9967418500727924,0.9969402825712731,0.9864254427644251,0.9948377162117017,0.994997050977173,0.9948646627588104,0.980609574216341,0.991353407808806,0.9930810464169019,0.9913119695204862,0.9621822215620962,0.9896153490367875,0.9941896870707903,0.994001436697345,0.9930491140485675,0.9719320700780053,0.9648975558382499,0.9881082538686815,0.979886231892876,0.9851418050126362,0.964900518233625,0.9563550931344039,0.9621349544610657,0.9654613976870954,0.9786578226068595,0.6801715717214762,0.9835298392679246,0.7335846104911136,0.9824726958524118,0.9839886598220852,0.9946618516589867,0.9971283834526232,0.9514104926726663,0.9727201844443822,0.93241424158658,0.7786982951467976,0.9789138428688369,0.9386805774681216
"[1, 1, 1, 1, 1, 0]",0.08706433190510711,0.018111532261088966,0.028115488676912548,0.017258178541893297,0.02350532215181641,0.013680092903552255,0.08770930252847184,0.008121180790683304,0.27886305429160396,0.047909240500710916,0.026206114837613013,0.22345359977501952,0.051346812970395575,0.047286900422724966,0.3379946199595832,0.16991010432390077,0.06878937117015846,0.29946688667624816,0.03202168249936218,0.03596677533349195,0.10188873178673827,0.029998682243412227,0.016005537128329413,0.0186649500983599,0.016774600688368894,0.030881266519269424,0.024412318983067605,0.036866041874512846,0.06299218225899124,0.05271522272515404,0.03776965535591059,0.018909564454826933,0.09618940733682801,0.001842004909797586,0.003919782947310968,0.006447391916133671,0.007890556310671823,0.051902417298805424,0.0049624579242904775,0.009486124502894799,0.003042038427970263,0.0035071652475801266,0.0036703472024744895,0.008863970093543961,0.013191420652454539,0.0030063350543313,0.0034025622511215225,0.018078974178936124,0.022955122831559895,0.004125683009354633,0.030064555468351507,0.015658855167930606,0.0026637836227382783,0.001970880585439468,0.000593863929160939,0.006292018565079447,0.0009218054727653112,0.06834393957885715,0.01767573622076036,0.0963659076100797,0.044382832648151,0.0020395586216593762,0.0010394819920994031,0.0011271858077802528,0.0013691082948274315,0.0006315733533848882,0.0014776606224900161,0.13367695288856632,0.2866249980009538,0.48127342467231027,0.1836317358270543,0.06735094351504047,0.017070390408739106,0.012857120807521195,0.016354211065747155,0.003909490011756813,0.006319160183084272,0.12085269892821676,0.3294767429552992,0.024251148812542107,0.03869044512951639,0.011519733968433756,0.036267676422575855,0.4736333745705985,0.5897415402074188,0.21557698195235545,0.20694686113967783,0.606750450674196,0.13249524651810646,0.07194806382029972,0.20463151821015796,0.2128354918813171,0.06282684763664421,0.013329977650044948,0.054865398710944535,0.11819841073683372,0.009616606408394754,0.12223521892831919,0.6446731147136182,0.6362701350059871,0.22855149365682106,0.00662440852727037,0.015378285456397517,0.028934469840176943,0.010501812908897337,0.01570918285570271,0.009015060817922449,0.027684142371267508,0.13821804958356543,0.011940311724281788,0.007616515437258242,0.001929878747226301,0.0011696570892735711,0.0014070826579684374,0.0013938725045833324,0.011593430929162209,0.0027166311114315356,0.0028520564077493538,0.002794711877409967,0.006847720803548928,0.005939073009480367,0.005359546137256157,0.0072828375388776555,0.03489854185087409,0.00851768063612397,0.004137522998603986,0.004176714132101837,0.0054931935278735725,0.025740442666304042,0.03262214664602075,0.010497645929227375,0.018156669052976946,0.013473274600081755,0.031071800985759488,0.04070649342302069,0.035288716970531625,0.032153122583699664,0.012195497138603465,0.16847423971636843,0.005303720522357683,0.0232524398475888,0.015237256661786023,0.013015491736378929,0.0038827036313194585,0.001539941223439061,0.04679221236862516,0.0253412507331234,0.0624600020497619,0.21322481519507028,0.01930492642067165,0.058697819661855916
"[0, 1, 1, 0, 0, 1]",0.022236033030869358,0.004132793685084735,0.17810121526936773,0.10461937637531238,0.03815455942564254,0.006715546789115653,0.002086933023818614,0.00261836775155309,0.0013980984939533992,0.002442104094595407,0.0042574089282169615,0.00688480072511664,0.024598939989944973,0.0030780662661783974,0.029540134765545845,0.0024756789388675747,0.002727137652403991,0.043861181869172795,0.056324381775348896,0.0039657657941752555,0.003831744621550077,0.004973541869265294,0.004226892957920263,0.004466811500465251,0.0019416347232423926,0.0024212280484354593,0.0025632518160627203,0.0019979153388813907,0.0024038555281277914,0.07367216182194064,0.00468350517768066,0.004371386762669636,0.0014049474671614197,0.000201705536550708,0.00018020467333409012,0.3868388788647067,0.18476562938191937,0.05635723004312807,0.06725424901724132,0.007506232783081698,0.007002667558891996,0.07022918790162987,0.18611230952443097,0.08906953556873698,0.03936402136590848,0.0018214715131460541,0.0021697793630005486,0.012309664884358787,0.04879925853989466,0.018488590090573184,0.041105226239064166,0.0003353267644123093,0.012997809821558539,0.0003719203215076933,0.00040176985298109614,0.0062218035388024945,0.00030091596444352386,0.0001021517989222535,0.0003182499011994029,0.0002914401360973463,0.00043394947660883426,0.0007243251706903486,3.2016215805278324e-05,0.00012730434857019724,0.0015328030187796672,0.00011405196186072255,9.71919931364367e-05,8.286904552912133e-06,2.1272789439059475e-05,6.925031612513425e-05,8.675693570196187e-05,0.00019207412689651722,9.457468257385094e-05,4.344299503164345e-05,0.00026855313522066034,0.00019257968782959435,9.460731525871198e-05,0.0007627010707721665,0.0004987467284511509,0.014231019266586617,0.004605703849198173,0.00017817063023002155,7.359592793538115e-05,0.052236589719692375,0.0021334094173051806,0.0011854856937506012,0.04819403078515294,0.0024893042746716955,0.0011858251150154249,0.00046972011333719154,0.00014907031506625922,0.00046963555468360665,0.00014092031471874152,0.00046031166775483166,0.00017047317504255625,0.000590536111967229,0.00017085746065265196,0.05823532610158623,0.004491698505227814,0.0020355035907763026,0.02727531451448003,0.031012320442218296,0.0027131993361928976,0.11147508134512749,0.007197067899431095,0.0002567778069002697,0.00016570622390537943,0.00011670307900842537,0.00024115386018309958,0.00029075794732818784,0.00023115518004930926,0.00015244002488182186,0.00023494603475078478,0.00046387562823763405,0.0003546558741077598,0.00010811410191159985,2.2639596941108406e-05,9.408018704285344e-05,7.550969673789081e-05,0.00029130784259760636,0.0004729267269418487,2.0510401047472946e-05,6.598729954587128e-05,8.361655384906758e-05,0.0001508949518441835,0.00012000543616139277,0.00038058025347547167,9.222060626849359e-05,9.131569547457987e-05,0.0002386522602076097,5.2000443655254485e-05,5.828594573376236e-05,7.734233539029554e-05,0.000400088722974694,0.0003667611390600777,4.7243877472883235e-05,6.0161471058536926e-05,0.0038678132855533847,0.06267236562106453,0.005189926396728517,0.1303383813905642,0.00017395346875329263,0.0002659758423085672,4.709147271259384e-05,5.0620157471432676e-05,1.700130444001468e-05,8.134068290739572e-05,3.08093996895807e-05,9.422134088799114e-05,3.58973608023411e-05,2.8450393583931736e-05
"[1, 1, 1, 0, 0, 1]",0.013925254950455322,0.002229117612139355,0.08824862004091638,0.039897484178285855,0.04461570378220666,0.0038996040299556322,0.0019301510912320865,0.001261349513191397,0.0010915861619592677,0.0012138887646664827,0.0025664376666457286,0.004613811070365957,0.031090781791780535,0.0021952497940120816,0.013163205805266996,0.0010839075104704537,0.0037532607838485364,0.02787148413469992,0.034260965203090424,0.0029177640219566676,0.0021800485637258377,0.002327779985568009,0.0019032876858537553,0.0022017769449399205,0.001739202801020058,0.0016132480660997145,0.001104795564576118,0.0019767655981063645,0.0015932084305246461,0.034204965713168355,0.003073043770376893,0.0031616699873950214,0.0008906674459296874,2.652616610737092e-05,7.850908540649508e-05,0.17993831942432503,0.08603782325300895,0.03187497261265484,0.026934904315842733,0.0038271017869319305,0.002424380185407934,0.022492035879740753,0.07227787393488681,0.027472070302236005,0.018014585822859336,0.001983434952893947,0.002116925405687332,0.020316787347895018,0.061829131693649356,0.01816935014799578,0.05619953774940341,0.000465906212778197,0.005648400355573159,0.00019662428488077506,0.0001232410820764681,0.0030731334682214877,8.966228529545978e-05,0.0001140836581996561,3.4630556071320716e-05,8.481192931801014e-05,0.0003800956059465971,0.0003216122360888675,3.2130072472403453e-06,1.984548913727803e-05,8.371334315768059e-05,1.4658284884226999e-05,3.549138398477569e-05,0.00012791527541082334,3.621848418842794e-05,3.7625223812790885e-05,0.00015531726533211297,0.0002371569306739037,0.00012702177114773148,0.00011796534570694412,7.431942053434682e-05,0.00011992757340087622,0.00010721107680342133,0.00038694243699293065,0.001074583473424823,0.01368304480638288,0.009665934750928537,6.739197595089653e-05,9.719788677430298e-05,0.026867863455707817,0.00077457046478472,0.0006193705449581295,0.019297728339658655,0.0010511662091508697,0.0004931048652269711,3.139870280922243e-05,1.2082893731475891e-05,0.00011874470058234341,4.7019015559086725e-05,0.0005288240781469488,0.0011541290640827073,0.0009765859984637974,0.0002654432337598383,0.035144787225744344,0.003634368115311633,0.0023776651082486823,0.018322003533928006,0.015326341503812574,0.002357202435667189,0.07702080067073547,0.004112679363222123,0.00032233214400809905,0.00011886663996965604,6.82220611782881e-05,0.00016730835721830595,0.00011873330665206801,0.00011957055827622524,4.476681753481477e-05,2.682093904607363e-05,7.326393981162364e-05,7.296933213198808e-05,0.00013986847991166905,8.904409583769093e-05,3.8975790597791964e-05,8.867466159444156e-05,0.0007273494538371657,8.400675713230663e-05,6.139061919130631e-05,3.940000288636482e-05,0.0001706270184706364,9.380317213745316e-05,7.899913990249525e-05,0.0001862999114967445,1.3306210152857645e-05,0.0001417075397330572,0.00014532929461565027,0.0001587631073681754,0.0002384245784448391,9.612219164992705e-05,0.00030889757373596296,0.0001782160031332029,0.00011295306307396132,6.47587165611904e-05,0.0021334187683136508,0.0489983472485767,0.0017327618175628412,0.05511335027600713,0.00019529607353278912,0.00031027525792104134,0.00014486496169693926,8.686557861493968e-05,1.6192846946462815e-05,1.7596462101732055e-05,0.00010794049210054929,0.00010801273850169158,2.0594714133353316e-05,3.594842846361338e-05
"[0, 1, 1, 1, 0, 1]",0.01003420311001819,0.0013738914714567718,0.06304769971307722,0.038134025834362255,0.023470066250477945,0.003641947917912946,0.0010013276918265793,0.0007309787349565374,0.001001087247008024,0.0006444247296407922,0.0024236075465385743,0.0027664030743857165,0.018118422778871095,0.0012078999963567323,0.016015363502790265,0.0005499044801687979,0.0007651182532252395,0.03177532212397725,0.020476722196258595,0.0018771421844984123,0.0005993638378763413,0.00240578377223678,0.0016721915792791125,0.0017267523278233859,0.0009318806732720498,0.0010112022140081381,0.0011727702064965133,0.0011087856475667293,0.0017478827258596073,0.023601167682464314,0.002993460170198985,0.0018983173550321231,0.00046915223899791843,4.859918803912559e-05,1.8488664146090804e-05,0.11872703231047582,0.08948461273878426,0.023556111557458886,0.0321870175159902,0.0019009367069070119,0.0027615112685879096,0.024596359738498393,0.07880543057566679,0.032433682536128196,0.01801803937994919,0.000995215675223525,0.0015074380969075242,0.005942676540760627,0.06143815448844587,0.013714888106787117,0.025959216888452204,0.000200252983494674,0.006731492895314755,0.00022084774834575053,0.0001352998672944852,0.0037408522548691096,0.00020180649091126014,3.358888341716723e-05,1.533067907567152e-05,2.79123365786052e-05,0.00022464923979038237,0.0002931984525493301,4.4661569027270335e-05,9.553076584973528e-06,0.00035158549201110863,1.4324594455928442e-05,1.804597765233691e-05,8.280280114645083e-05,4.0519796631682925e-05,3.9617261012236595e-05,4.564534733249013e-06,6.27592827208799e-05,2.760920498029513e-05,7.76315659083299e-06,1.5367075393689438e-06,3.365827817404408e-05,0.0001207515040134317,8.098864208140363e-05,0.0006608092181874498,0.012756449638238191,0.006177413882394486,2.3625613071622147e-05,5.637338822833086e-05,0.029038571488720955,0.001098273884165181,0.0006001658737547307,0.03336489907516253,0.0019087396977859362,0.0007130894294856748,9.101088158595324e-05,4.396694539998597e-06,4.294502718968557e-05,1.2998069877111581e-06,0.0001432347802768124,3.40264619924944e-05,2.0658757949371507e-05,2.0097873236739233e-05,0.049445295847569924,0.002726478899671093,0.002150154956915269,0.017349344204945744,0.013847603816117264,0.0014919134229241092,0.04026732729695167,0.0032838744963020455,3.146523613359634e-05,3.785337583417746e-05,2.5108900237276544e-05,1.7076502543416892e-06,7.187734205608622e-05,0.0004231179012324319,7.047439263982585e-05,9.349310118832541e-05,4.702472769651178e-05,1.546667384387122e-05,2.5131183219630945e-05,3.525882464302345e-05,9.457422536989295e-06,2.048384344339465e-05,0.0001990347970922855,5.888020073795848e-05,0.00018831413635648608,7.542729276663886e-06,5.2402152028077875e-05,6.362195146079204e-05,2.5773108143852043e-05,9.429876925290484e-05,5.0379746946126106e-05,2.5811417791900736e-05,7.48363910236237e-05,3.0641802965264436e-05,1.5106278351451342e-05,4.033858862251178e-05,0.0001526984199245074,9.294299036394533e-05,7.127043965849453e-05,8.407978515464001e-05,0.0014102549134836165,0.02039650470037355,0.0023006050224427944,0.050048207619338266,0.00035483252317545827,0.0004369441181837793,0.0001526754784996958,6.189462453824408e-05,2.772280034196778e-06,2.7939265423380067e-05,0.0001009283107527202,6.0415899379668e-06,8.872342788009102e-07,1.2724384706544313e-06
"[1, 1, 0, 0, 0, 0]",0.008060936709664145,0.0009080724052705971,0.0025382246069091128,0.0029894487311490706,0.0009558613327742881,0.001949118511138041,0.0026792177024310792,0.0007094070803197974,0.007491697819311054,0.001496986397941305,0.0019591352847875177,0.022046321594129604,0.0038190744135863037,0.002718207117792944,0.03139329460078166,0.004263897598923425,0.006570025405572025,0.07121366924452113,0.0018981221962442532,0.0033912792638442243,0.0036795363960092416,0.003236510562794903,0.002426733502616517,0.002253377253657933,0.0039396626918470614,0.0022515863366495753,0.0007366919527002097,0.001474612370679158,0.001396161022285599,0.0019486084004061918,0.0029259658700597985,0.0013504135273053875,0.0019476894547265,2.0239030261748284e-06,8.558133348535339e-05,0.0011390599606102044,0.0016631678452457912,0.0010937635172668127,0.0004929629156681482,0.00040661280511434004,0.0002559742419008599,0.0012488527450585335,0.001557822013190279,0.0007209990666634234,0.0011383103740316858,4.322127749468524e-05,0.000124154095434817,8.515460041685644e-05,2.189064244286852e-05,0.00018423086602585608,0.00032840950709215754,0.0023600116465325237,0.0017510291925732524,0.00021482426436938323,0.00012219697877028835,0.000634068613835504,3.573296219827372e-05,0.0004086111345970419,0.00020193867106848106,0.001160020011906419,0.0011813245276885347,0.00012283343884354734,3.181799468487468e-05,6.505402546079984e-05,1.389194720366898e-05,7.090976565071706e-05,9.324237953162889e-05,0.00101521554897882,0.003306953559487787,0.008613819921090879,0.002959697233745706,0.000884877354341932,0.00021883610588253901,0.00022690518896996046,0.0006708460975261906,6.629287279101698e-05,0.00020350029552484137,0.007794772171615084,0.023996568426824124,0.0018505665755381411,0.001773572805511848,0.000469180602956639,0.0007248053414222353,0.03285080949903819,0.04742687325538525,0.01600725327340885,0.012765137673780973,0.043445607827234355,0.0063417670339582215,0.0011109493100230254,0.002871402886960146,0.001776201992591292,0.0006535375487130155,0.0012598465423933264,0.0031424534899300765,0.009038056022908995,0.0009298340345020022,0.014291546336321334,0.1266083273835638,0.10177995666113947,0.06995147500357014,0.00026608895080335417,0.0019407853020934984,0.0004636007063813796,0.0007215673604827932,0.00021264082237223818,0.0005098772549582595,0.00048771922807511577,0.0025315106774515084,0.0017488683970218574,0.0005405762867287971,0.00028028371317106196,7.152126458257096e-05,6.79004997865086e-05,0.0001332316698893885,0.00041184404115485315,0.0005628749480377465,0.0008038987342091932,0.0007780496185554827,0.008596474717035136,0.0006463910079314193,0.00016550516494499644,0.00019876043697214746,0.0011664138861623853,0.0004538463310984758,0.00022378980722166547,2.801885400537889e-05,0.00016234770298745457,9.837891722406967e-05,0.0006127673448648162,7.058956193974431e-05,0.0003824063126030472,7.338207751236457e-05,0.00010432119462897734,3.205889028721409e-05,0.00029075675681331084,0.00029743902775285344,4.704659228778312e-05,0.003398936362607711,0.0002035972683944557,0.00010570446775966214,0.00043765085603448623,0.0008411224137920241,4.314410408859217e-05,8.070074309156178e-05,0.00019202153624689952,0.0002100841102234362,0.0006291837082327852,0.0020933267098377467,0.0001207750391167213,0.00015090275036236186
"[1, 0, 0, 1, 0, 0]",0.004033786011422275,0.0012252526275235225,0.0016032938884344172,0.0007866611471188727,0.003714715813839601,0.00038430205553489726,0.0020589569450760424,0.000409231771007337,0.001004453258808206,0.0005574296099016674,0.0012535964402002394,0.010525801255343305,0.0020987233800454394,0.0012581425722121217,0.03387180657637312,0.0102479960508686,0.004476523268596415,0.0009513521053818825,0.0013638709397162565,0.0015273906047839187,0.00382558106144171,0.0012988998848819469,0.00045333578520500493,0.0011123625634344833,0.0004093361581777692,0.0008859282239481114,0.00032195676663847306,0.000601893833183068,0.0015352425564525405,0.0024770155705353177,0.000835448957844129,0.00042696557950679673,0.0008643326677765526,5.462373638123362e-05,0.0002565121024239722,0.0002869368657083947,0.0005992201157850352,0.0009592037641789167,0.0003227140774567765,0.000428124941348519,0.00011904239942087633,0.0002830778629867886,0.0002717467890075385,9.120949943332148e-05,0.0005733283137149133,0.0005565092171024251,0.0006398531224259785,0.0013128918019425838,0.01638914209358732,0.0006530002990314663,0.0038629648512206838,0.00010427888452106833,1.3033156417117052e-06,5.918242020803616e-05,2.4628286822406607e-06,0.0002218716227871989,1.624808010965317e-05,0.0010141755419160496,0.000584614996946482,0.0010374594135687803,0.0010556074462339414,0.00033010339296029125,0.0001332491825976936,1.6394270620390164e-05,0.00018127822159829456,6.727599642416246e-07,0.00014922507921915644,0.00022899522471693482,0.0001301684999982637,0.000506887291581658,0.0003977579013429485,7.040406496999401e-06,0.0001249907815962154,0.00010747805435608326,0.0006174651918608484,0.00018899725413525526,1.5300040077448168e-05,0.0031072634545090834,0.01262242630109203,0.0003621297504167503,0.0007609436003661638,0.00024159537571746814,0.0008164616030957153,0.05521771732146108,0.041485630073379264,0.014859639994268183,0.017268834342850203,0.045226352693436035,0.009977666141962774,0.0044384895684685295,0.007300379016298146,0.006165516071768887,0.0033439353607662495,0.0011414333679388656,0.0030032149679459054,0.00409599162192878,0.0010152007785123476,0.00025526167207029775,0.0001571888508759903,0.0013572538239000767,0.00013193358260622583,0.00011615716232690687,9.036494047152679e-05,0.0011378796191865302,0.0008695807812631367,8.893678875644681e-05,0.00020331911871846527,0.0006481493410696609,0.0015916616664406788,0.00023725873142854277,0.0002640608248113939,3.353083457288665e-05,1.9563090729589136e-08,4.2429832877887334e-05,2.8532060718001276e-05,0.0002634617906108775,4.954768782334368e-05,1.0206910888152158e-05,7.054138390344944e-05,2.2266405049350285e-05,3.331887948261966e-05,8.269721757439538e-07,6.870959130241924e-05,0.00031736159665106596,5.206561078303261e-05,1.2833897496907063e-06,6.520616450229225e-05,0.00011406652667249891,0.00020548754087547792,0.0004009984295801807,5.357812025012177e-05,0.00013944692958104958,8.405919029869518e-05,0.0009833235767241948,0.0006147388833454281,0.0007368202586396979,0.0004238563282723317,0.00029833343365203867,0.0026870565785820605,0.00041669139827147213,0.0016827860687594464,5.256708116234228e-05,2.7455824936492645e-05,7.545287953511768e-07,3.459231574636706e-05,5.217541476390145e-05,0.00010398290846920861,0.0006471749885111299,0.0022828977349932745,0.00016541340376096352,0.00043208124173984896
"[1, 1, 1, 1, 0, 1]",0.0024696271934035695,0.00032212982736102907,0.005291210457007939,0.0028875123600716275,0.018913331526810018,0.0006426077519091027,0.00021633064671072348,0.00012961650031068328,0.00024013944852117945,0.0001981761215293409,0.000447265072464885,0.0009839245373194575,0.006028337639013577,0.0006928359872314798,0.0009604204534276554,0.00013470582726750983,0.00020019473305270824,0.010060991446965787,0.00477112355492145,0.00010306701055774876,0.0002615560898344033,0.0009379824263910072,0.00035373025224284935,0.0005161801944948758,7.009840449360302e-05,0.00026552815300604914,0.00042752671507301665,0.0001446325117864294,0.00015139661901224816,0.0042724122390853615,0.00028885760735014734,0.0004067497841330532,4.0909778058351834e-05,1.3477227491679916e-05,3.899851159393696e-06,0.006125695634643763,0.0063253872938270304,0.0036019869259722574,0.0015157340668288503,0.0005418057211546065,0.00014926321825088385,0.000964119390918027,0.006327618842904214,0.0020533671341893683,0.0008593631365980612,0.0006434662067888251,0.000839966743393944,0.0057718151300558095,0.04428693300229294,0.006005984524468273,0.021900760241430273,1.6062057223678696e-05,0.000982027627665117,1.4958409708878938e-05,3.891077874785629e-05,0.0009195513394130602,1.3204861417594707e-05,2.343384674316339e-07,1.518377358012066e-05,1.4075041818239472e-05,1.1741864025943607e-07,0.0002830567927700848,2.8188452973883234e-09,2.5043729105577215e-06,2.389670414511388e-09,8.931479774351648e-08,7.276326652925104e-10,3.340147462089235e-06,2.67525999527147e-05,7.25717304315513e-06,2.126314043843385e-06,5.911181930999373e-12,5.754694328895543e-06,1.4089052874737261e-05,4.7280600046950423e-07,4.98408476760025e-05,5.779193862016336e-07,8.337497630837013e-06,0.0002951626478301553,0.003162972116948237,0.0014080703588538117,2.4504524727532653e-05,2.8834461860182576e-06,0.0020705734286749857,0.00020683089331795037,7.431338821411975e-05,0.001975094952910678,2.550316783057821e-05,2.791473191686425e-05,1.2076967589642784e-10,3.6960531778282906e-06,1.850165127849799e-11,1.218960831272168e-07,1.3090525308657525e-07,1.0126804480873866e-05,8.189312495320543e-06,3.09367265719357e-07,0.016007384508668007,0.0010853208556421301,0.0005791263819449024,0.00714559140113673,0.0018395315718788732,0.0003225531476967511,0.013774524838071076,0.0008086269603694234,7.257368566306006e-07,8.116139931838556e-12,1.4437405567452106e-07,5.52729833621793e-06,5.2888691977310094e-05,2.2769685336430667e-05,7.700469179280712e-06,8.860844961437105e-06,4.7856898274383815e-05,5.892544976684743e-05,7.710394158798244e-06,1.608271506943867e-14,1.0643751146873445e-17,1.5119564310962979e-09,2.7359719166326903e-07,3.297881965927399e-10,8.307721912853956e-06,5.88550424717732e-07,4.600575130107256e-05,1.3900339130710437e-06,6.895139835488259e-07,1.4025500571753932e-05,1.411443003893927e-06,5.607221654569204e-05,1.8872241822244977e-08,6.380173881891963e-06,2.6114356242584847e-05,3.6018140130491454e-07,1.7514648070390498e-08,7.033277622633129e-07,1.9789439726545364e-05,2.164414084514558e-07,0.000259375446197432,0.007294180343995557,0.00013000796277668405,0.0046349385297998445,3.4554986462267235e-08,2.9091882567171114e-07,1.7102932493551383e-05,7.470002881195238e-06,1.2810166017336606e-13,6.974755895817755e-06,1.4351365972183573e-10,5.711133934946838e-12,1.1635007946271234e-06,2.481141506758472e-09
"[1, 0, 1, 0, 1, 1]",0.001130740194804956,0.0008361374128637848,0.0009640103885036729,0.0010348283476571704,0.0030416764722858715,0.0004981679061083758,0.0008773311923817993,0.0009196619688554065,0.0008972664885029919,0.00017615915358802262,0.00020576803933682752,0.0007005121890756783,0.001992127594610094,0.0010254842137462118,0.000665823681213454,0.000629785610292461,0.0003288736545769359,0.002742170096124821,0.0027790837983164454,0.0009140620277278567,0.0010377635069951196,0.0008068849880398599,0.0010041588934221293,0.0008163717110457331,0.0008642847858245862,0.0005995808654370704,0.001201581566191514,0.0010904015087383604,0.0007167799366149043,0.0010026146879065787,0.0010188395251638832,0.0005012580110348937,0.0010531683891844936,0.00030930043171501816,0.0009762642720975601,0.0010113626661715225,0.0009599810996265869,0.0010018011331419509,0.001000602420738257,1.7919540726043052e-05,0.000996823230620996,0.0010016797932078613,0.0010008247632849916,0.0010011318369496014,0.0010034640305398234,0.0011409296315596459,0.0007463820533489529,0.001775974278805452,0.0037013420735655866,0.0022372838340202856,0.004209914584604006,0.0005625179534484431,0.00031549014119817693,0.0008351391608397693,0.0006053942611742783,0.0003826219933095192,0.00035874172816425116,0.0009970792925435902,0.0007339786633174171,8.423514630579171e-06,0.00020343342866828036,0.0009908267975480862,0.000998857523099328,0.0009959402980274435,0.0010037713777678022,0.0009090681726982076,0.0007740978658392223,0.0004625275980107223,0.000533026423048821,0.0009991768209793275,0.0009716634360191603,9.519326869599424e-07,7.52667189522753e-07,2.4165100258979455e-10,1.5624111479015836e-05,3.803817369712617e-07,1.2553067612088786e-05,0.0006760063497408751,0.0007397776323247601,0.001577207285945733,0.0013601122756951491,0.0009998435706971341,0.0010021357823315447,0.0013674907255296902,0.0007916378387758694,0.0010016726938154815,0.0010009752510356919,0.0007089716013961145,0.0009982154536720591,1.093470480580464e-05,0.0009978434924165405,0.0009978867160569751,0.0009829836718086018,0.0009992765989825627,8.443836363637488e-09,0.0009969261403573425,4.3933315173004616e-11,0.003013397080201073,0.0011265825611595883,0.0010816014273880752,0.0018135789630413014,0.001814104349491034,0.0012312208949829737,0.005442748797979025,0.0009772960960254026,0.0009220312234258651,0.0006073622169852467,0.0009998020259465302,0.0010034682913538755,0.0008974486428556796,0.0007915231140499741,0.0010022141121831616,0.0008319451649122624,1.569898816639395e-05,3.1342120785413404e-06,0.0010012566163126132,0.0009577797164439899,0.0006424481796074566,0.0009993021514263538,0.000834774761712098,0.0009939481369900145,0.0007073113774252855,0.000619283729511323,0.0004126474637999736,1.7840870954663884e-05,0.0010017502336803236,0.0009989883366690944,0.0010188497119914906,0.0010081473136689721,0.0009994834354794195,0.0010040097602455078,0.0010394861938303646,0.0010099469539216757,0.000618659047488693,0.0009648172937430977,0.0008932320026205286,0.00080488757739958,0.0009085911153262749,0.0010000748621975372,0.000999118400988051,0.0010011941424081443,0.0009993763819958804,0.0009996239472702824,0.0007782446866440975,0.0001777328932475893,0.000999995610095589,0.0009998087454222663,0.000999312200610841,0.0009995634491922734,0.0009998435953166426,0.0009990726373463861
"[1, 1, 1, 1, 1, 1]",0.0010684743099812562,0.00022916864428870095,0.0004978421880084134,0.00028906636495451256,0.008877025203757043,0.00016379176512824707,8.579297742991112e-05,2.5855210862986505e-05,7.357548225540671e-05,0.00013328696274892752,3.250495112163835e-05,0.0001823579959689728,0.001854931967630469,0.00024800046936444847,0.0006550807869653428,6.915370238771839e-05,4.954840348835996e-05,0.005612532941351878,0.0032170053174052702,0.0005893291206882153,0.00018831614736172374,0.00020360075595790526,0.00013452570379213465,0.00012168102776160466,6.191477007919054e-05,7.86404841452878e-05,1.4791962344823033e-05,5.273867342001862e-05,3.560266837034226e-05,0.0008389176033062272,0.0001177292184841787,0.0002084016861095832,8.414528943473524e-05,6.25590982690635e-07,6.706996690290744e-06,8.251916426625967e-07,1.103335657211289e-06,8.625286449479515e-05,2.1273511243417576e-05,4.424276926647147e-05,2.210030858145205e-05,3.36307463385613e-05,0.00019201182357583022,0.00021054135226840224,0.000393465594274969,0.0005086793679848264,0.00038377588074133803,0.0032811911891846937,0.018243455771360544,0.0043406230785227005,0.011828808168732287,1.966428203364498e-07,1.0054400751436093e-06,1.6439198829349035e-05,5.176502930255724e-06,5.101203917765177e-05,1.119939374859453e-06,1.7028418784245474e-07,2.3708117824305237e-08,2.9321979693359284e-09,7.456530871031817e-07,1.5951723186099757e-22,3.551084679228217e-13,5.793066860317373e-07,3.445915323398924e-39,2.9431845049370753e-21,2.2831467541086456e-29,3.7463574989570875e-06,7.497304562037166e-05,2.3541797229948065e-07,7.120661600024686e-06,9.727309773792919e-07,1.9244879882232562e-05,6.139513538436284e-09,6.628370924020808e-06,1.905364651855255e-20,8.407028217903899e-06,1.5393884566330754e-07,2.099345116994353e-06,0.0014327563122191885,0.000634192440827563,6.813146516001472e-06,3.749317064660189e-05,0.00039719758225406984,2.6966375691582894e-05,8.445068930882815e-06,0.00028958961987994206,0.00025848167079895026,3.0407303628562443e-05,7.305508324906563e-07,2.426332527354558e-13,7.514274492653272e-05,9.567262277269394e-09,3.849430104150683e-07,7.688414013623572e-07,2.2617599752800786e-10,2.5410468082303378e-06,0.012365536925671796,0.000624972849466566,0.0004179073061470713,0.0024594743899399615,0.0008983916769970426,0.000261360991085936,0.012457556104774377,0.0004703851414661551,0.0001406095109263953,2.2725350255267874e-05,1.5717910102439684e-09,2.485959509238813e-07,6.8503682788368855e-06,2.3393942601362538e-05,1.0723886766749852e-05,2.768418371939841e-07,2.4049775204639314e-05,1.3690679776279004e-06,4.159294646524163e-06,8.3772362400761e-06,9.21914418811419e-08,1.7416857921888384e-12,1.8381395878171569e-09,6.11572829266915e-08,2.297410222600933e-05,2.114839747913306e-05,7.493728869557014e-06,1.858592287968631e-07,3.898507067075995e-12,8.541685247382923e-55,4.65337417589468e-15,8.32500274719123e-61,1.2998688084017387e-19,1.0211398329248875e-07,2.364717331752481e-11,4.010017719611613e-08,3.899930012065269e-07,7.879505938401961e-11,4.187319515818873e-07,8.036704188673422e-14,6.699273607536547e-05,0.001478879137636193,0.00017132355817686435,6.257589486379788e-05,4.677195027767134e-07,7.042884241097661e-12,1.695345144104347e-05,6.161776228668224e-08,1.3571737420096214e-07,7.038277918361271e-07,1.1477323622856338e-06,1.2204497385977927e-06,5.572550395827175e-07,3.2688949836719277e-09
"[1, 0, 1, 0, 0, 1]",0.0010352412595440565,9.859005630501931e-05,0.000692326491202863,0.0004651191752826298,0.006664493187731409,8.399071483039622e-05,1.1340643934737253e-05,1.206849775393962e-05,4.9599603854787954e-05,0.00011320129664260054,6.64626472815763e-05,0.00013073818060813729,0.0017974131257139916,0.0001177655754824416,0.00020888526005159044,7.728401299346985e-05,0.0001447780858576305,0.005809622932774027,0.005329972844276409,0.00028325756742250067,0.0002954692047335806,2.9439963308287455e-05,0.00010858547291097755,3.128033982575945e-05,2.2551854089960158e-05,6.370663754018989e-05,9.367569026627205e-05,0.00013572072699353125,0.00014934925804984084,5.6055342921885764e-05,0.00048600911913102604,0.0002859655574252842,2.247461732746489e-05,1.355520596561313e-05,2.8797454863513323e-05,0.001968662364195409,2.2534663430006642e-05,0.00012235429589393788,5.155160262209257e-05,5.175464216823126e-05,4.4054946847423997e-07,0.00020098091315805662,0.0001331015127171314,0.00012316762592828095,6.317868401836228e-05,0.000460086927397738,0.0003183831293858052,0.002047666042503062,0.009459930231720159,0.002068157802817504,0.007843219978424241,1.939006088859996e-12,1.4348163224071544e-05,8.715896340055293e-08,4.384278022215825e-24,1.011265950112227e-08,2.684192154640083e-14,4.728989711438698e-58,2.284764468304216e-52,4.948987850803393e-56,4.022990102278281e-70,1.5386471368347724e-06,6.413000713838431e-21,1.451226515661778e-07,5.862261218830568e-10,2.848957421794765e-18,3.62524346029126e-08,4.285227143020532e-07,4.5201695807198125e-06,1.847854101231956e-13,1.1726927693381787e-15,9.994236942715315e-06,1.5272472664981135e-06,1.6468203613389753e-06,2.8536916981986893e-05,4.773904931918962e-10,3.171150391897211e-12,1.1272218937858636e-05,7.916306810849131e-07,0.0010750216258796652,0.0004723264364194437,2.71133045660667e-07,9.575038825544482e-08,0.00014839851816673906,5.732003871812168e-06,6.708088403235332e-07,0.00012935007019305935,5.5788261253028643e-08,1.128346165931289e-09,1.212972501890409e-05,5.148893133188941e-09,1.467196382457635e-09,4.3059810277423006e-09,8.350928557212427e-09,2.9151628202333334e-07,8.283085459257591e-05,6.901598631246672e-06,0.007015285909901569,0.00024046567414159447,0.0005825085388284432,0.0025052994444508298,0.002570562895971201,0.000426014807479696,0.01151654116223988,0.00022333141063093123,2.7142667097616855e-09,2.1923412699338818e-05,6.380837373931964e-07,6.684305076388972e-05,2.0285342057547273e-17,1.2993849062281545e-11,5.69999142304602e-06,1.1830012482308457e-07,6.778981319764316e-11,2.025948662926017e-25,3.247868851795828e-19,2.0365758280422398e-08,1.2944488689373998e-24,4.734709835428447e-06,3.347550885921313e-09,1.7632464870019138e-29,7.783097356580493e-06,2.0962987984707948e-11,1.186685802261847e-08,7.874394797483839e-08,1.960454766334833e-08,8.450536109907926e-09,1.4493446479460188e-07,1.3712456787933968e-07,4.975563424572075e-08,2.762221707697048e-06,1.0205122612108466e-09,2.7130934688903783e-12,1.0730035826127364e-06,5.266964862171235e-06,9.762262302075596e-06,5.4646654119422475e-06,1.2628459064189136e-10,1.488103117504804e-06,1.7138482201712173e-20,3.2821799857751006e-05,1.2616305366022756e-05,1.3005485734255527e-05,1.1542562710886939e-05,7.922481088934359e-06,2.882647224763025e-17,7.479250928197891e-55,1.3833699733757272e-08,1.3922832878643275e-16,6.286879075534817e-17,6.739594190743039e-17
"[1, 1, 0, 1, 0, 1]",0.0007749059012980449,6.232985318040587e-05,5.6336222032594944e-05,4.2926157955313605e-05,0.005889809920051917,0.00010365356783692371,2.2855893143510593e-06,5.3836213467812516e-05,2.208059251080289e-05,4.531649533338263e-06,8.050259874562332e-05,4.167007990915718e-05,0.0026447588934885844,0.00011127215245873441,4.9335987425841885e-05,1.5329311725769067e-05,0.0003750733246866003,0.003999234628334182,0.0005764710612686627,6.322306863167848e-05,3.56599455705108e-05,0.0002564658649868042,9.014838039307104e-05,4.598576203955831e-05,4.378420241092921e-05,0.00028519064723193975,0.00011095553494388256,3.0774682650098274e-05,9.560297550691011e-05,0.0013746786310643334,0.0005430598897629291,0.00015724785500123516,1.6006513971408943e-05,4.186204734900464e-06,1.083976658039522e-08,7.477998833648077e-15,3.062652672791576e-23,9.306665771239154e-05,6.940931809954443e-05,1.0157375010905956e-22,1.2382237064975044e-25,1.6874995777227118e-09,7.809341501468452e-34,4.2426316150348457e-10,7.580629259446815e-11,0.0003550177810614764,0.0003701924849133382,0.0022795589060157807,0.013656414197518167,0.002378900781937328,0.0057418424146196585,2.6212238664844607e-07,6.33199098125859e-14,9.068928521553072e-12,8.25133084008482e-07,9.90587563235479e-05,9.946516414740345e-13,2.7167157397079515e-178,4.63556410255474e-112,1.6070737075825086e-50,2.1543986868690317e-129,4.89373655035117e-18,5.09091882693394e-10,1.1652191565094467e-10,7.486411005472714e-07,2.502665110048433e-12,9.948308288354457e-08,2.409288941895471e-24,1.0569936818213003e-07,2.0287885533270817e-29,1.2529197154242142e-05,2.694899421868731e-11,3.2495532303732466e-20,5.516424322864259e-57,6.0203412319421515e-27,4.028465407686031e-05,1.6578913132005002e-07,1.2333102924498807e-11,1.8639289366112827e-05,0.0010044469715258155,0.000589927905121238,2.444573377023207e-06,2.0335697459033236e-07,2.0281632176327926e-16,7.724253407057452e-17,8.513210423719901e-15,4.583569683753125e-19,3.0236692933167305e-18,7.281128740231839e-15,1.0812047423488768e-26,6.236166163674139e-12,4.483311196803445e-27,2.635210202442753e-10,5.905523721010588e-06,4.917675860473252e-05,0.00026586327252276046,2.5402770636042896e-05,0.0040757297638891,0.0005701152819096109,0.00024637563511925185,0.0017520770283572077,7.734239549520895e-05,9.52015196453946e-06,0.0007836389357928518,0.00016976818785453324,5.657643793406744e-09,1.2818913393434478e-15,2.6042747255660238e-05,3.7751481810913157e-07,3.753574485748752e-05,1.8274673355371698e-07,1.188606122236917e-05,2.1234633467795122e-11,6.279750006842103e-14,1.6294133358397576e-06,2.063536565754526e-08,3.275019826862264e-18,2.93433205435435e-05,5.457190043129218e-09,8.38762307418237e-08,1.852233712060086e-05,2.5705245751993996e-05,5.914205363004143e-08,6.429285331795448e-05,7.399851948953544e-12,4.29168613609499e-05,5.233608443804266e-05,8.61117048800057e-14,6.874422272564157e-12,3.79937011598219e-15,1.4881194074504216e-08,1.6670661062857627e-28,1.4328492520180185e-23,4.583697521804567e-14,1.0254619280700202e-05,1.558932812780596e-05,5.38309026947162e-06,5.7037598048761083e-05,0.0033818457895317916,2.058235029615604e-05,0.0001342258871358032,3.094256051315839e-05,2.2327107237248566e-05,1.2211855233182496e-05,4.1350779489968106e-09,9.092287601997428e-18,4.093537592864981e-10,2.476501261920609e-15,8.60979190000645e-12,5.472107983580774e-07,9.695466755957658e-29
"[0, 0, 0, 0, 0, 0]",0.0005848881123905204,0.000542475067682962,0.0009612097813538,8.70221370305076e-05,4.749924390333705e-05,2.272011636207821e-06,0.00010456839548431459,0.00011671802010721498,0.00012306059142502942,0.00039636205748872736,0.00012600845801199591,0.0002129031188056028,0.0027874827818607185,1.1258057592074494e-05,0.0002685339469628975,0.00018661555447636332,4.735809770678746e-05,0.009170250913121108,0.00021537739594516966,6.162451950035051e-05,0.0002230571203317861,0.00021155159287030253,1.3557147395233477e-05,7.269209388124043e-05,0.0007263140817906939,8.379914031173099e-05,0.00014752289240047754,0.0002445491282258436,0.0013936111590789372,8.226481711089607e-05,7.82232920323998e-05,6.866112858913466e-05,0.0006662115944291431,1.1367873633344764e-05,9.117583747416819e-05,0.0014665429477139914,0.00012998009948093242,0.001321424109679812,0.00041968655762828654,2.8843250211620596e-05,5.56590464032555e-10,0.00012589597606253294,1.4551187731834517e-05,1.4214778842413578e-09,4.190560225074469e-05,5.364945181522453e-06,5.350842085685929e-09,2.6545011694548545e-08,0.00011634682016948036,5.151805087032285e-21,7.720032548790897e-14,1.9722575157215959e-22,7.062177174545519e-79,1.569302136313678e-256,1.2262567355687961e-42,0.00015409849410872095,3.6367286109260297e-22,2.269355341985957e-06,5.5745029758941245e-05,6.444589140898184e-07,9.831905251275638e-07,1.2451153398608665e-08,1.3901073182819041e-11,1.6363982499420265e-09,7.546635940908286e-05,2.7996932357073485e-06,2.2676896662430308e-05,8.338780294660018e-05,4.2448356109982835e-05,2.227134209319312e-05,1.3446873830281993e-06,0.0004913218207008387,0.0005961859550859647,3.502864943958589e-05,0.00040177877285149134,5.728657264810703e-07,1.5117523321371954e-07,5.23244206869331e-05,0.00013223581753942596,0.002980781952223107,0.0038227566098910553,3.1728529475833396e-17,1.084534345208488e-08,0.000406624854183012,0.00032947118431046117,2.1894472534823103e-05,7.198123105645149e-05,2.985583973969907e-06,4.176511362790397e-07,8.450444596979482e-06,2.228047851908156e-08,0.0005660056643876332,3.7528909006666184e-06,4.183795173337443e-05,9.790289800809843e-11,4.840111722908235e-10,8.860339016886395e-18,0.011969478533936363,0.007112696401172078,0.006111236199330468,0.014966870080668633,2.6245236273504983e-05,0.00017307217572567335,2.8021579743286e-07,1.2354103022922908e-05,4.871823972679569e-16,2.368628905420639e-05,9.323051236012857e-05,0.0002736074909671603,6.476850020201098e-07,2.4304366196242217e-05,5.818118850513987e-39,1.8235725152211004e-08,8.527614583126888e-05,6.805517064555189e-29,1.955976911900372e-05,0.0006786977540135435,0.00016558726053574334,0.00030230161830443645,0.0017018032903796938,0.00039148543681272944,8.85756927777605e-06,2.0870154189734963e-07,1.42963054037009e-23,4.8852324278839084e-05,0.0001775058740186845,1.380783324246687e-06,4.965205200127124e-06,0.0006952107883806718,7.323915297774062e-06,1.5258004179123341e-05,5.7537551499302824e-05,3.3287618726117627e-06,0.0009758242397631293,0.0006139749926295659,0.0002710760502555791,0.00047076484351051635,6.887017882628691e-12,6.423348808544699e-07,4.636248976518321e-10,6.709964529642011e-11,3.19496573652378e-07,1.5120323680601783e-07,1.6998701633132697e-10,1.3225349627541153e-10,0.00013424434511282517,0.00016277955609536046,0.0014512098282593571,0.00023035760515513603,0.0002702136557782196,0.0003046281197643122
"[0, 0, 1, 0, 0, 1]",0.000576457296443442,0.00017808511335756994,0.0004445913624315938,0.00013553867848495576,0.003011619047244879,6.356337590490403e-05,0.00010656406924813622,1.2939752590086314e-05,5.172802521454016e-05,0.00011102051538167762,0.00014188159265481856,0.0002884908085922633,0.0007051485833455203,0.0001620919509587862,0.00021132172441844967,6.757402709586415e-05,2.6173027021526325e-05,0.0020002329154258985,0.0024364633945532996,6.008006432978008e-05,0.00026942236880729927,5.252452634587422e-05,5.620510819401361e-05,1.6629601370595427e-05,1.9760032736626514e-05,8.820196814691026e-05,1.784431161870691e-05,6.882445828785659e-06,0.00010101815126013024,0.00023441137551012946,6.872911157666991e-05,1.0939826178828899e-05,7.135394782109625e-05,4.211727306923209e-05,8.701026405991447e-08,0.0008452578529666778,0.00019159470701607902,0.00014661897150512076,0.00017719642083450216,2.2900962787549578e-07,2.200271285642641e-06,1.8730696300286515e-12,1.182459571776777e-05,0.00022041677199012533,3.615794164586183e-05,0.00024445906085278574,0.00016645164715059456,0.000963149060181384,0.003979155184683859,0.0014169077758185828,0.002335570749287005,1.9289004541415735e-07,2.8813028449679403e-09,2.138765484263283e-08,3.728912865147971e-26,2.101349086246619e-06,6.875694061984184e-09,1.2408948547539697e-08,8.822043931245325e-16,1.0644250331966402e-11,3.525618660623767e-06,2.4112583526787855e-36,6.067431480679538e-19,9.216874256098589e-41,4.7949489343814705e-39,1.2469098682195286e-14,6.518553415513785e-08,1.4387747681625851e-12,8.969055431218239e-08,1.5581726838224658e-13,8.827744939996481e-14,4.533289133743417e-12,2.4974091874151907e-05,2.0917355234502387e-06,6.451833703419753e-05,1.9087779562124088e-11,1.3506972319895035e-09,7.397269021950491e-07,1.4375280605520395e-06,0.0005858238292789865,0.0001254130680470134,2.409959869776637e-06,4.0417784942050415e-07,0.00021717723597927674,2.5243245908172925e-06,3.354701880967309e-06,0.00018907907306076554,2.1013854962301984e-06,3.629085845815808e-06,2.747598734963593e-07,2.965810935710909e-09,8.186856043516404e-12,2.5357427538181557e-07,1.421983358579787e-20,5.917132048253051e-12,1.2488641785944118e-20,2.0420106462413942e-13,0.0031570290060988983,0.00013903753753333832,0.0001687007903976342,0.0006268196415663883,0.0011387399960013644,0.00024013218493873257,0.004731288425663865,0.00041843596629640784,4.274009588931987e-07,5.757135481399802e-07,8.409763878367816e-06,4.2125831461358727e-13,1.2293526758646907e-08,5.264743220629631e-09,9.126525619994165e-10,2.933652311059883e-06,6.632329205302293e-08,3.235062736911777e-28,8.021929119488763e-39,1.4068977927620457e-10,5.2196882596147316e-43,1.019705017924984e-06,4.964482961131241e-08,3.5037671146546457e-09,1.9772862266477678e-05,9.380778823280305e-12,1.1362141750836657e-05,1.2287160219571694e-09,2.5106844663022117e-15,6.583689033853159e-09,1.254635799449531e-10,9.66729131221204e-09,8.332373777475596e-07,7.120099092283325e-90,1.9817407226865035e-88,1.037451979026798e-39,8.384612804967068e-05,5.552888036093934e-05,3.584664129437104e-07,3.470390153914305e-08,2.1717853011814256e-06,3.554220383965085e-07,1.816749922422891e-06,8.763512248872877e-06,2.4432733097137367e-10,1.1064758631990636e-05,2.0036918835105525e-19,1.1640803783460772e-08,1.157320454100668e-05,1.9592437487325617e-05,1.237869486279899e-10,1.2669421637325262e-05,1.858578434520552e-08,5.607727779352622e-14
"[1, 0, 1, 1, 0, 0]",0.0005147753819630397,0.0002917636096569793,0.00027821664619447214,4.731712620640603e-05,7.61628685793608e-05,0.0005546683319798111,0.00033328537718265306,9.528541608148904e-05,0.00015659892257188174,0.0008366369134783884,0.0009417860403293433,9.182069850833003e-05,0.00048308952336939114,0.0007064870107409636,0.0003762852434239157,0.00040720689739786323,0.0006924648497399881,0.00015712573115940414,0.0002465867512168611,0.00020771049174617416,8.292098150758072e-05,0.000281093810479429,2.4411455900854896e-05,0.0004019739688220205,0.00015332645672545223,0.0005750976177106851,8.653905946531962e-05,4.652396877302553e-05,0.00025149370301453665,0.0001103310332827758,0.00011879397811257298,0.0005842699268673198,0.0011276130377630119,0.0006919665291347673,6.151484640254405e-05,2.3845812739077406e-07,4.132709887134661e-05,3.213027535016382e-05,7.346745619664308e-09,0.000981332362740149,2.344699905353736e-06,7.144566805932513e-54,8.347337755221984e-10,1.7268841916554852e-06,6.041001928543846e-08,4.3563857234030585e-12,0.00033194539883899915,1.0832326786539486e-06,0.00010003806359036036,1.6314978590782431e-06,3.1149334647915454e-10,0.0004374925369860041,0.0006847784875606397,0.0002130182876360967,0.0003936450186427815,0.0006168127939249835,0.0006408405968571172,0.00019896696892889002,0.0002758475363539601,0.0009920362631543134,0.0008922553518970418,9.282382891592049e-11,1.8014746798644097e-07,3.145898087209122e-06,9.299324689455411e-08,9.004676908000705e-05,0.00022836277722901202,0.0005415976969856521,0.00046653111942667234,1.1154881331984573e-07,2.8822361651071387e-05,0.0009994838404087368,0.00099919862111403,7.994798268952656e-06,0.0009964823583719481,0.0010005118455188094,0.0009995470927485679,1.6849842297224475e-08,9.578864106279418e-06,0.00016536885629600908,0.00023904852571749732,0.00014244006408806642,0.00045255118296569813,9.404029861446209e-08,0.0002117447898503567,6.457185676886154e-09,6.480971020081904e-06,0.00029433585865706977,2.814116607170627e-06,0.000998923639005638,3.4786277083236184e-06,2.798777384641337e-06,1.6029797283702117e-05,3.7724810613029026e-08,0.0009992542368390804,4.011742531993515e-06,0.0009990843839845656,1.1391450022996203e-19,3.8089805079932307e-05,8.156375288503675e-17,2.7181295096044137e-05,2.3625437355015696e-05,7.49649932879923e-06,0.0009844068066151904,0.0002366624409211944,3.513426853417382e-05,0.00039187519488327594,2.0328238978920773e-06,0.0002591343814095125,0.00010165148990891711,0.00020775297428539331,2.911950511295912e-22,2.3079836935174913e-36,0.000983624442207749,0.0009959311702936503,1.3167465529392744e-15,4.141231042217366e-05,0.0003568026176740349,1.0040726282276857e-09,0.00016928140846422812,7.974707725883249e-06,0.00032214817590918025,0.00038350432929823024,0.000587001573971168,0.0009843892413252747,5.695793462833068e-08,6.994785920156229e-07,2.1031692676891634e-10,5.20902726251064e-06,4.579402798885891e-09,1.0721029628035107e-11,2.8986370082543155e-07,3.722319378814609e-12,0.0003985413660478501,3.149378951715221e-06,0.00010705789134741142,0.0001684330784235908,9.564444712593397e-05,4.3512057553022304e-05,8.820532641078115e-09,5.4550836749190594e-12,3.199021987866355e-05,6.761155641500721e-05,0.0002308585053908393,0.0008237990013598972,0.0003711826990253073,0.0003077616613228514,0.00115803560213582,0.002248578603929221,0.00016531915488733352,0.000669241110198736
